dataset,family,base,closure_size,interior_size,expansion_ratio,retention_ratio,closure_prop,closure_purity,interior_purity
UCI-iris,label,base,38.0,28.0,1.1515151515151516,0.8484848484848485,0.3838383838383838,0.868421052631579,1.0
UCI-iris,label,clusters,66.0,0.0,2.0,0.0,0.6666666666666666,0.5,1.0
UCI-iris,label,gen_base_1,46.0,28.0,1.393939393939394,0.8484848484848485,0.46464646464646464,0.717391304347826,1.0
UCI-iris,label,gen_base_2,47.5,28.0,1.4393939393939394,0.8484848484848485,0.4797979797979798,0.694813829787234,1.0
UCI-iris,sepal length (cm)_quantiles,base,29.0,20.25,1.1425531914893616,0.8438992618323926,0.29292929292929293,,
UCI-iris,sepal length (cm)_quantiles,clusters,66.0,0.0,2.5892307692307694,0.0,0.6666666666666666,,
UCI-iris,sepal length (cm)_quantiles,gen_base_1,44.5,17.0,1.8259574468085107,0.7103777681285279,0.4494949494949495,,
UCI-iris,sepal length (cm)_quantiles,gen_base_2,47.75,18.0,1.9629787234042553,0.749607535321821,0.48232323232323226,,
