{
  "baseline": {
    "base_max_original": 5,
    "sn_cluster_original": [
      3,
      5,
      41
    ],
    "sn_cluster_size": 3,
    "gen_base_1_vk": 0.18039645389292766,
    "gen_base_1_pair_original": [
      [
        6,
        35
      ],
      [
        13,
        14,
        46,
        58
      ]
    ],
    "gen_base_1_merged_set": [
      0,
      1,
      2,
      3,
      4,
      5,
      6,
      7,
      8,
      9,
      10,
      11,
      12,
      13,
      14,
      15,
      16,
      17,
      18,
      19,
      20,
      21,
      22,
      23,
      24,
      25,
      26,
      27,
      28,
      29,
      30,
      31,
      32,
      33,
      34,
      35,
      36,
      37,
      38,
      39,
      40,
      41,
      42,
      43,
      44,
      45,
      46,
      47,
      48,
      49,
      50,
      51,
      52,
      53,
      54,
      55,
      56,
      57,
      58,
      59,
      60,
      61,
      62,
      63,
      64,
      65,
      67,
      68,
      69,
      70,
      71,
      72,
      73,
      74,
      75,
      76,
      77,
      78,
      79,
      80
    ],
    "gen_base_2_vk": 0.15432709664537755,
    "gen_base_2_pair_original": [
      [
        15,
        34,
        54
      ],
      [
        23,
        29,
        42,
        61,
        69
      ]
    ],
    "gen_base_2_merged_set": [
      0,
      1,
      2,
      3,
      4,
      5,
      6,
      7,
      8,
      9,
      10,
      11,
      12,
      13,
      14,
      15,
      16,
      17,
      18,
      19,
      20,
      21,
      22,
      23,
      24,
      25,
      26,
      27,
      28,
      29,
      30,
      31,
      32,
      33,
      34,
      35,
      36,
      37,
      38,
      39,
      40,
      41,
      42,
      43,
      44,
      45,
      46,
      47,
      48,
      49,
      50,
      51,
      52,
      53,
      54,
      55,
      56,
      57,
      58,
      59,
      60,
      61,
      62,
      63,
      64,
      65,
      67,
      68,
      69,
      70,
      71,
      72,
      73,
      74,
      75,
      76,
      77,
      78,
      79,
      80
    ],
    "silhouette": 0.5351423220490651
  },
  "config": {
    "linkage_method": "single",
    "distance_metric": "euclidean",
    "target_r2": 0.99,
    "random_seed": 42
  }
}