{
  "config": {
    "bootstraps": 1000,
    "confidence": 0.95,
    "linkage_method": "single",
    "distance_metric": "euclidean",
    "target_r2": 0.99,
    "random_seed": 42
  },
  "baseline": {
    "base_max_original": 5,
    "gen_base_1_vk": 0.18039645389292766,
    "gen_base_1_pair_original": [
      [
        6,
        35
      ],
      [
        13,
        14,
        46,
        58
      ]
    ],
    "gen_base_2_vk": 0.15432709664537755,
    "gen_base_2_pair_original": [
      [
        15,
        34,
        54
      ],
      [
        23,
        29,
        42,
        61,
        69
      ]
    ],
    "silhouette": 0.5351423220490651
  },
  "probabilities": {
    "base_max_match": {
      "p": 0.008,
      "ci_lower": 0.004059195818806103,
      "ci_upper": 0.01570633453098014
    },
    "gen_base_1_pair_match": {
      "p": 0.847,
      "ci_lower": 0.823363445235336,
      "ci_upper": 0.8679807843756887
    },
    "gen_base_2_pair_match": {
      "p": 0.921,
      "ci_lower": 0.9026250851159918,
      "ci_upper": 0.9361527842391709
    }
  },
  "similarities": {
    "jaccard_threshold": 0.5,
    "gen_base_1_mean_jaccard": 0.5732089506172839,
    "gen_base_2_mean_jaccard": 0.5961172839506174
  },
  "vk_intervals": {
    "gen_base_1_vk": [
      0.03512844906131694,
      0.8729734038371115
    ],
    "gen_base_2_vk": [
      0.09596063678410696,
      0.8941752538155109
    ]
  },
  "silhouette_interval": [
    0.6406135408962808,
    0.8295794735656817
  ]
}